ticker,manager_count,managers,company,price,avg_portfolio_pct,max_portfolio_pct,total_shares,market_cap,cap_category,sector,avg_gain_loss_pct,total_position_value,market_cap_display
BAC,15,"Charles Bobrinskoy - Ariel Focus Fund, Christopher Davis - Davis Advisors, David Katz - Matrix Asset Advisors, Dodge & Cox, Francis Chou - Chou Associates, Francois Rochon - Giverny Capital, Glenn Greenberg - Brave Warrior Advisors, Guy Spier - Aquamarine Capital, Kahn Brothers Group, Lee Ainslie - Maverick Capital",,41.73,12.8,30.28,0,0,Unknown,Financials,0.0,0.0,N/A
WFC,14,"Christopher Davis - Davis Advisors, David Katz - Matrix Asset Advisors, Dodge & Cox, Francis Chou - Chou Associates, Harry Burn - Sound Shore, Mairs & Power Growth Fund, Richard Pzena - Hancock Classic Value, Robert Olstein - Olstein Capital Management, Steven Romick - FPA Crescent Fund, Thomas Gayner - Markel Group",,71.79,13.22,67.5,0,0,Unknown,Financials,0.0,0.0,N/A
DIS,13,"Christopher Bloomstran - Semper Augustus, Duan Yongping - H&H International Investment, First Eagle Investment Management, Francois Rochon - Giverny Capital, Harry Burn - Sound Shore, Hillman Value Fund, Kahn Brothers Group, Lindsell Train, Robert Olstein - Olstein Capital Management, Thomas Gayner - Markel Group",,99.59,13.16,42.62,0,0,Unknown,Consumer Discretionary,0.0,0.0,N/A
SCHW,12,"Bill Nygren - Oakmark Select Fund, Christopher Davis - Davis Advisors, Dodge & Cox, Francois Rochon - Giverny Capital, Greenhaven Associates, John Rogers - Ariel Appreciation Fund, Lee Ainslie - Maverick Capital, Mairs & Power Growth Fund, Ruane Cunniff - Sequoia Fund, Thomas Gayner - Markel Group",,78.28,10.15,20.86,0,0,Unknown,Financials,0.0,0.0,N/A
CMCSA,10,"David Katz - Matrix Asset Advisors, Dodge & Cox, First Eagle Investment Management, Glenn Greenberg - Brave Warrior Advisors, Hillman Value Fund, Robert Olstein - Olstein Capital Management, Steven Romick - FPA Crescent Fund, Thomas Gayner - Markel Group, Thomas Russo - Gardner Russo & Quinn, Yacktman Asset Management",,36.74,6.91,20.37,0,0,Unknown,Consumer Discretionary,0.0,0.0,N/A
KMX,9,"Chuck Akre - Akre Capital Management, Francois Rochon - Giverny Capital, Hillman Value Fund, John Rogers - Ariel Appreciation Fund, Lee Ainslie - Maverick Capital, Steven Romick - FPA Crescent Fund, Thomas Gayner - Markel Group, Tom Bancroft - Makaira Partners, Wallace Weitz - Weitz Large Cap Equity Fund",,78.52,19.16,51.34,0,0,Unknown,Consumer Discretionary,0.0,0.0,N/A
PYPL,9,"David Katz - Matrix Asset Advisors, David Rolfe - Wedgewood Partners, Francis Chou - Chou Associates, Harry Burn - Sound Shore, Lee Ainslie - Maverick Capital, Lindsell Train, Mason Hawkins - Longleaf Partners, Pat Dorsey - Dorsey Asset Management, Polen Capital Management",,66.99,10.35,17.15,0,0,Unknown,Financials,0.0,0.0,N/A
NKE,9,"Christopher Bloomstran - Semper Augustus, Hillman Value Fund, Jensen Investment Management, Lindsell Train, Polen Capital Management, Robert Olstein - Olstein Capital Management, Terry Smith - Fundsmith, Thomas Gayner - Markel Group, Viking Global Investors",,68.3,5.51,22.76,0,0,Unknown,Consumer Discretionary,0.0,0.0,N/A
BMY,8,"Bill Miller - Miller Value Partners, David Katz - Matrix Asset Advisors, Dodge & Cox, Harry Burn - Sound Shore, Hillman Value Fund, Jensen Investment Management, Kahn Brothers Group, Richard Pzena - Hancock Classic Value",,60.79,20.96,35.88,0,0,Unknown,Health Care,0.0,0.0,N/A
CVS,8,"Christopher Davis - Davis Advisors, David Katz - Matrix Asset Advisors, Dodge & Cox, Hillman Value Fund, Prem Watsa - Fairfax Financial Holdings, Richard Pzena - Hancock Classic Value, Robert Olstein - Olstein Capital Management, Samantha McLemore - Patient Capital Management",,67.57,9.28,39.23,0,0,Unknown,Consumer Staples,0.0,0.0,N/A
SBUX,8,"Christopher Bloomstran - Semper Augustus, David Katz - Matrix Asset Advisors, Francois Rochon - Giverny Capital, Jensen Investment Management, Lee Ainslie - Maverick Capital, Polen Capital Management, Stephen Mandel - Lone Pine Capital, Thomas Gayner - Markel Group",,98.09,3.74,5.33,0,0,Unknown,Consumer Discretionary,0.0,0.0,N/A
UBER,7,"Bill Ackman - Pershing Square Capital Management, Chase Coleman - Tiger Global Management, David Tepper - Appaloosa Management, Steven Romick - FPA Crescent Fund, Thomas Gayner - Markel Group, Thomas Russo - Gardner Russo & Quinn, William Von Mueffling - Cantillon Capital Management",,72.86,19.25,31.26,0,0,Unknown,Technology,0.0,0.0,N/A
KHC,7,"Bill & Melinda Gates Foundation Trust, First Eagle Investment Management, Hillman Value Fund, Mairs & Power Growth Fund, Mason Hawkins - Longleaf Partners, Prem Watsa - Fairfax Financial Holdings, Warren Buffett - Berkshire Hathaway",,30.47,15.38,19.47,0,0,Unknown,Consumer Staples,0.0,0.0,N/A
USB,7,"Christopher Davis - Davis Advisors, David Katz - Matrix Asset Advisors, First Eagle Investment Management, Hillman Value Fund, Mairs & Power Growth Fund, Robert Olstein - Olstein Capital Management, Viking Global Investors",,43.01,12.15,42.6,0,0,Unknown,Financials,0.0,0.0,N/A
OXY,7,"Bruce Berkowitz - Fairholme Capital, Dodge & Cox, Duan Yongping - H&H International Investment, Francis Chou - Chou Associates, Li Lu - Himalaya Capital Management, Prem Watsa - Fairfax Financial Holdings, Warren Buffett - Berkshire Hathaway",,49.38,10.99,13.29,0,0,Unknown,Energy,0.0,0.0,N/A
C,7,"Francis Chou - Chou Associates, Greenhaven Associates, Harry Burn - Sound Shore, Kahn Brothers Group, Richard Pzena - Hancock Classic Value, Samantha McLemore - Patient Capital Management, Steven Romick - FPA Crescent Fund",,70.99,9.15,15.26,0,0,Unknown,Financials,0.0,0.0,N/A
CSGP,7,"Chase Coleman - Tiger Global Management, Chuck Akre - Akre Capital Management, Daniel Loeb - Third Point, Dennis Hong - ShawSpring Partners, Polen Capital Management, Thomas Gayner - Markel Group, Wallace Weitz - Weitz Large Cap Equity Fund",,79.23,4.44,26.21,0,0,Unknown,Financials,0.0,0.0,N/A
GM,7,"Francis Chou - Chou Associates, Greenhaven Associates, Harry Burn - Sound Shore, Prem Watsa - Fairfax Financial Holdings, Robert Olstein - Olstein Capital Management, Samantha McLemore - Patient Capital Management, Viking Global Investors",,47.03,2.84,4.04,0,0,Unknown,Consumer Discretionary,0.0,0.0,N/A
DG,6,"Christopher Bloomstran - Semper Augustus, David Katz - Matrix Asset Advisors, First Eagle Investment Management, Richard Pzena - Hancock Classic Value, Seth Klarman - Baupost Group, Thomas Gayner - Markel Group",,87.93,30.64,48.35,0,0,Unknown,Consumer Discretionary,0.0,0.0,N/A
CP,6,"Bill Ackman - Pershing Square Capital Management, Chris Hohn - TCI Fund Management, John Armitage - Egerton Capital, Lee Ainslie - Maverick Capital, Lindsell Train, William Von Mueffling - Cantillon Capital Management",,70.2,11.91,13.73,0,0,Unknown,Services,0.0,0.0,N/A
CSCO,6,"David Katz - Matrix Asset Advisors, Dodge & Cox, Lee Ainslie - Maverick Capital, Robert Olstein - Olstein Capital Management, Thomas Gayner - Markel Group, Yacktman Asset Management",,61.71,9.8,9.8,0,0,Unknown,Information Technology,0.0,0.0,N/A
BN,6,"Bill Ackman - Pershing Square Capital Management, Chuck Akre - Akre Capital Management, Daniel Loeb - Third Point, Josh Tarasoff - Greenlea Lane Capital, Third Avenue Management, Thomas Gayner - Markel Group",,52.41,9.71,13.76,0,0,Unknown,Financials,0.0,0.0,N/A
IFF,6,"Carl Icahn - Icahn Capital Management, Dodge & Cox, First Eagle Investment Management, Hillman Value Fund, Robert Olstein - Olstein Capital Management, Steven Romick - FPA Crescent Fund",,78.52,7.19,18.28,0,0,Unknown,Materials,0.0,0.0,N/A
BK,6,"Christopher Davis - Davis Advisors, David Katz - Matrix Asset Advisors, Dodge & Cox, First Eagle Investment Management, Thomas Gayner - Markel Group, Yacktman Asset Management",,83.87,5.8,6.84,0,0,Unknown,Financials,0.0,0.0,N/A
UHAL,6,"David Abrams - Abrams Capital Management, Meridian Contrarian Fund, Nelson Peltz - Trian Fund Management, Third Avenue Management, Tweedy Browne Co. - Tweedy Browne Value Fund, Yacktman Asset Management",,62.77,5.45,5.75,0,0,Unknown,Services,0.0,0.0,N/A
PFE,6,"David Katz - Matrix Asset Advisors, Hillman Value Fund, Kahn Brothers Group, Prem Watsa - Fairfax Financial Holdings, Richard Pzena - Hancock Classic Value, Torray Funds",,25.6,5.26,8.7,0,0,Unknown,Health Care,0.0,0.0,N/A
MDT,6,"David Katz - Matrix Asset Advisors, Dodge & Cox, First Eagle Investment Management, Polen Capital Management, Richard Pzena - Hancock Classic Value, Robert Olstein - Olstein Capital Management",,89.86,3.61,4.28,0,0,Unknown,Health Care,0.0,0.0,N/A
KO,6,"Christopher Bloomstran - Semper Augustus, Jensen Investment Management, Lindsell Train, Thomas Russo - Gardner Russo & Quinn, Warren Buffett - Berkshire Hathaway, Yacktman Asset Management",,71.62,2.38,2.62,0,0,Unknown,Consumer Staples,0.0,0.0,N/A
CPNG,5,"Bill & Melinda Gates Foundation Trust, Chase Coleman - Tiger Global Management, Christopher Davis - Davis Advisors, David Abrams - Abrams Capital Management, Lee Ainslie - Maverick Capital",,21.93,30.11,30.28,0,0,Unknown,Consumer Cyclical,0.0,0.0,N/A
LRCX,5,"Chase Coleman - Tiger Global Management, Christopher Davis - Davis Advisors, David Tepper - Appaloosa Management, Lee Ainslie - Maverick Capital, Triple Frond Partners",,72.7,27.5,27.88,0,0,Unknown,Information Technology,0.0,0.0,N/A
JD,5,"Chase Coleman - Tiger Global Management, Christopher Davis - Davis Advisors, David Tepper - Appaloosa Management, Howard Marks - Oaktree Capital Management, Samantha McLemore - Patient Capital Management",,41.12,22.24,23.18,0,0,Unknown,Technology,0.0,0.0,N/A
TSN,5,"Christopher Davis - Davis Advisors, David Katz - Matrix Asset Advisors, Richard Pzena - Hancock Classic Value, Thomas Gayner - Markel Group, Yacktman Asset Management",,63.81,18.85,51.9,0,0,Unknown,Consumer Staples,0.0,0.0,N/A
CCK,5,"Christopher Davis - Davis Advisors, Jensen Investment Management, Lee Ainslie - Maverick Capital, Meridian Contrarian Fund, Thomas Gayner - Markel Group",,89.26,16.69,16.7,0,0,Unknown,Consumer Goods,0.0,0.0,N/A
SLB,5,"Charles Bobrinskoy - Ariel Focus Fund, First Eagle Investment Management, John Rogers - Ariel Appreciation Fund, Robert Olstein - Olstein Capital Management, Torray Funds",,41.8,16.62,20.69,0,0,Unknown,Energy,0.0,0.0,N/A
TECH,5,"Jensen Investment Management, Lee Ainslie - Maverick Capital, Mairs & Power Growth Fund, Polen Capital Management, Wallace Weitz - Weitz Large Cap Equity Fund",,58.63,15.91,15.91,0,0,Unknown,Health Care,0.0,0.0,N/A
FIS,5,"Dodge & Cox, Harry Burn - Sound Shore, Mason Hawkins - Longleaf Partners, Robert Olstein - Olstein Capital Management, Seth Klarman - Baupost Group",,74.68,13.64,37.08,0,0,Unknown,Information Technology,0.0,0.0,N/A
IAC,5,"Christopher Davis - Davis Advisors, FPA Queens Road Small Cap Value Fund, Lee Ainslie - Maverick Capital, Mason Hawkins - Longleaf Partners, Samantha McLemore - Patient Capital Management",,45.94,12.69,19.83,0,0,Unknown,Consumer Discretionary,0.0,0.0,N/A
BF.B,5,"Hillman Value Fund, Lindsell Train, Terry Smith - Fundsmith, Thomas Gayner - Markel Group, Thomas Russo - Gardner Russo & Quinn",,33.56,12.3,21.57,0,0,Unknown,Consumer Staples,0.0,0.0,N/A
BAX,5,"Dodge & Cox, Harry Burn - Sound Shore, Hillman Value Fund, Richard Pzena - Hancock Classic Value, Robert Olstein - Olstein Capital Management",,34.28,11.47,13.74,0,0,Unknown,Health Care,0.0,0.0,N/A
CPRT,5,"AKO Capital, David Rolfe - Wedgewood Partners, Francois Rochon - Giverny Capital, Jensen Investment Management, Torray Funds",,59.24,10.89,15.25,0,0,Unknown,Industrials,0.0,0.0,N/A
MRK,5,"Christopher Bloomstran - Semper Augustus, David Katz - Matrix Asset Advisors, Kahn Brothers Group, Prem Watsa - Fairfax Financial Holdings, Thomas Russo - Gardner Russo & Quinn",,89.75,8.95,10.63,0,0,Unknown,Health Care,0.0,0.0,N/A
VZ,5,"Bill Miller - Miller Value Partners, Hillman Value Fund, Kahn Brothers Group, Mairs & Power Growth Fund, Yacktman Asset Management",,44.68,5.6,6.63,0,0,Unknown,Communication Services,0.0,0.0,N/A
ET,5,"Bruce Berkowitz - Fairholme Capital, David Abrams - Abrams Capital Management, David Tepper - Appaloosa Management, Leon Cooperman, Samantha McLemore - Patient Capital Management",,18.59,4.94,5.16,0,0,Unknown,Energy,0.0,0.0,N/A
CL,5,"David Katz - Matrix Asset Advisors, First Eagle Investment Management, Jensen Investment Management, Lindsell Train, Yacktman Asset Management",,93.7,4.3,5.43,0,0,Unknown,Consumer Staples,0.0,0.0,N/A
CRH,5,"Daniel Loeb - Third Point, Greenhaven Associates, John Armitage - Egerton Capital, Lee Ainslie - Maverick Capital, Seth Klarman - Baupost Group",,87.97,3.0,3.5,0,0,Unknown,Materials,0.0,0.0,N/A
ALLY,5,"Bill Nygren - Oakmark Select Fund, Francis Chou - Chou Associates, Glenn Greenberg - Brave Warrior Advisors, Lee Ainslie - Maverick Capital, Warren Buffett - Berkshire Hathaway",,36.47,1.49,1.51,0,0,Unknown,Financials,0.0,0.0,N/A
APH,4,"David Katz - Matrix Asset Advisors, Jensen Investment Management, John Armitage - Egerton Capital, Torray Funds",,65.59,47.28,47.52,0,0,Unknown,Information Technology,0.0,0.0,N/A
MU,4,"David Tepper - Appaloosa Management, Guy Spier - Aquamarine Capital, Lee Ainslie - Maverick Capital, Prem Watsa - Fairfax Financial Holdings",,86.89,41.7,45.28,0,0,Unknown,Information Technology,0.0,0.0,N/A
EL,4,"Hillman Value Fund, Lindsell Train, Michael Burry - Scion Asset Management, Thomas Gayner - Markel Group",,66.16,38.54,100.0,0,0,Unknown,Consumer Staples,0.0,0.0,N/A
DLTR,4,"Christopher Bloomstran - Semper Augustus, David Einhorn - Greenlight Capital, Lee Ainslie - Maverick Capital, Meridian Contrarian Fund",,75.07,35.06,37.05,0,0,Unknown,Consumer Discretionary,0.0,0.0,N/A
DB,4,"David Tepper - Appaloosa Management, Kahn Brothers Group, Third Avenue Management, Viking Global Investors",,23.62,23.6,33.8,0,0,Unknown,Financials,0.0,0.0,N/A
DAR,4,"Alex Roepers - Atlantic Investment Management, Christopher Davis - Davis Advisors, FPA Queens Road Small Cap Value Fund, Yacktman Asset Management",,31.24,23.34,23.34,0,0,Unknown,Industrial Goods,0.0,0.0,N/A
NU,4,"Chase Coleman - Tiger Global Management, Lee Ainslie - Maverick Capital, Polen Capital Management, ValueAct Capital",,10.24,22.75,22.75,0,0,Unknown,Financials,0.0,0.0,N/A
WRBY,4,"First Eagle Investment Management, Lee Ainslie - Maverick Capital, Polen Capital Management, Thomas Russo - Gardner Russo & Quinn",,18.23,20.34,20.35,0,0,Unknown,Health Care,0.0,0.0,N/A
BUD,4,"Bill & Melinda Gates Foundation Trust, Dodge & Cox, Hillman Value Fund, Thomas Gayner - Markel Group",,60.55,17.86,23.2,0,0,Unknown,Consumer Staples,0.0,0.0,N/A
GTX,4,"Howard Marks - Oaktree Capital Management, Kahn Brothers Group, Lee Ainslie - Maverick Capital, Prem Watsa - Fairfax Financial Holdings",,8.37,16.16,16.27,0,0,Unknown,Consumer Goods,0.0,0.0,N/A
IBKR,4,"Bryan Lawrence - Oakcliff Capital, John Armitage - Egerton Capital, Robert Vinall - RV Capital GmbH, William Von Mueffling - Cantillon Capital Management",,41.4,15.28,22.05,0,0,Unknown,Financials,0.0,0.0,N/A
CNR,4,"Bruce Berkowitz - Fairholme Capital, David Einhorn - Greenlight Capital, Guy Spier - Aquamarine Capital, Lee Ainslie - Maverick Capital",,77.89,15.26,31.88,0,0,Unknown,Energy,0.0,0.0,N/A
LBTYA,4,"David Einhorn - Greenlight Capital, Francis Chou - Chou Associates, Howard Marks - Oaktree Capital Management, Seth Klarman - Baupost Group",,11.51,14.6,14.61,0,0,Unknown,Services,0.0,0.0,N/A
ILMN,4,"AKO Capital, Carl Icahn - Icahn Capital Management, Lee Ainslie - Maverick Capital, Samantha McLemore - Patient Capital Management",,79.34,14.44,14.44,0,0,Unknown,Health Care,0.0,0.0,N/A
HOLX,4,"Harry Burn - Sound Shore, Jensen Investment Management, Kahn Brothers Group, Robert Olstein - Olstein Capital Management",,61.77,13.88,42.61,0,0,Unknown,Health Care,0.0,0.0,N/A
HDB,4,"Howard Marks - Oaktree Capital Management, John Armitage - Egerton Capital, Lee Ainslie - Maverick Capital, Polen Capital Management",,66.44,12.83,12.87,0,0,Unknown,Financials,0.0,0.0,N/A
EBAY,4,"Lee Ainslie - Maverick Capital, Lindsell Train, Robert Olstein - Olstein Capital Management, Yacktman Asset Management",,67.73,11.88,13.44,0,0,Unknown,Information Technology,0.0,0.0,N/A
ENTG,4,"Mairs & Power Growth Fund, Polen Capital Management, Torray Funds, William Von Mueffling - Cantillon Capital Management",,87.48,10.6,13.16,0,0,Unknown,Technology,0.0,0.0,N/A
MGM,4,"Christopher Davis - Davis Advisors, Mason Hawkins - Longleaf Partners, Prem Watsa - Fairfax Financial Holdings, Thomas Gayner - Markel Group",,29.64,10.24,12.18,0,0,Unknown,Services,0.0,0.0,N/A
LBRDK,4,"Bill Nygren - Oakmark Select Fund, Lee Ainslie - Maverick Capital, Ruane Cunniff - Sequoia Fund, Seth Klarman - Baupost Group",,85.05,9.93,9.98,0,0,Unknown,Services,0.0,0.0,N/A
OMF,4,"Bill Miller - Miller Value Partners, Glenn Greenberg - Brave Warrior Advisors, Leon Cooperman, Samantha McLemore - Patient Capital Management",,48.88,9.38,15.09,0,0,Unknown,Financials,0.0,0.0,N/A
GEHC,4,"Christopher Bloomstran - Semper Augustus, Dodge & Cox, Harry Burn - Sound Shore, Nelson Peltz - Trian Fund Management",,80.71,9.09,11.92,0,0,Unknown,Health Care,0.0,0.0,N/A
EPD,4,"Bruce Berkowitz - Fairholme Capital, First Eagle Investment Management, Leon Cooperman, Tweedy Browne Co. - Tweedy Browne Value Fund",,34.14,7.3,9.72,0,0,Unknown,Materials,0.0,0.0,N/A
UHAL.B,4,"David Abrams - Abrams Capital Management, Nelson Peltz - Trian Fund Management, Third Avenue Management, Yacktman Asset Management",,59.18,6.38,7.49,0,0,Unknown,Industrials,0.0,0.0,N/A
B,4,"Charles Bobrinskoy - Ariel Focus Fund, First Eagle Investment Management, Harry Burn - Sound Shore, Howard Marks - Oaktree Capital Management",,19.44,4.24,8.95,0,0,Unknown,Materials,0.0,0.0,N/A
CTSH,4,"Dodge & Cox, Jensen Investment Management, Richard Pzena - Hancock Classic Value, Yacktman Asset Management",,76.5,3.7,13.91,0,0,Unknown,Information Technology,0.0,0.0,N/A
FTV,4,"Daniel Loeb - Third Point, Dodge & Cox, Robert Olstein - Olstein Capital Management, Viking Global Investors",,73.18,3.43,3.96,0,0,Unknown,Industrial Goods,0.0,0.0,N/A
EQH,4,"Greg Alexander - Conifer Management, Lee Ainslie - Maverick Capital, Richard Pzena - Hancock Classic Value, Viking Global Investors",,52.09,3.38,3.38,0,0,Unknown,Financials,0.0,0.0,N/A
CCCS,4,"Chuck Akre - Akre Capital Management, Polen Capital Management, Torray Funds, Triple Frond Partners",,9.03,2.18,2.21,0,0,Unknown,Technology,0.0,0.0,N/A
PVH,4,"FPA Queens Road Small Cap Value Fund, Harry Burn - Sound Shore, Mason Hawkins - Longleaf Partners, Richard Pzena - Hancock Classic Value",,64.64,2.07,2.07,0,0,Unknown,Consumer Discretionary,0.0,0.0,N/A
NVO,4,"Chase Coleman - Tiger Global Management, Francois Rochon - Giverny Capital, Polen Capital Management, Thomas Gayner - Markel Group",,69.44,1.53,1.53,0,0,Unknown,Health Care,0.0,0.0,N/A
MIR,3,"Lee Ainslie - Maverick Capital, Leon Cooperman, Meridian Contrarian Fund",,14.5,40.28,40.28,0,0,Unknown,Industrials,0.0,0.0,N/A
MANU,3,"John Rogers - Ariel Appreciation Fund, Leon Cooperman, Lindsell Train",,13.09,34.33,45.23,0,0,Unknown,Consumer Discretionary,0.0,0.0,N/A
FIVE,3,"Christopher Bloomstran - Semper Augustus, Francois Rochon - Giverny Capital, Lee Ainslie - Maverick Capital",,74.93,28.08,66.12,0,0,Unknown,Services,0.0,0.0,N/A
GXO,3,"First Eagle Investment Management, Glenn Welling - Engaged Capital, Lee Ainslie - Maverick Capital",,39.08,27.16,27.18,0,0,Unknown,Industrials,0.0,0.0,N/A
ASHTF,3,"Dodge & Cox, Ruane Cunniff - Sequoia Fund, Thomas Russo - Gardner Russo & Quinn",,53.6,26.8,32.3,0,0,Unknown,Industrials,0.0,0.0,N/A
LGIH,3,"Bryan Lawrence - Oakcliff Capital, First Eagle Investment Management, Polen Capital Management",,66.47,25.51,25.52,0,0,Unknown,Consumer Cyclical,0.0,0.0,N/A
STT,3,"Christopher Davis - Davis Advisors, Dodge & Cox, Yacktman Asset Management",,89.53,25.07,49.03,0,0,Unknown,Financials,0.0,0.0,N/A
MSGE,3,"Charles Bobrinskoy - Ariel Focus Fund, John Rogers - Ariel Appreciation Fund, Lee Ainslie - Maverick Capital",,32.74,25.03,25.09,0,0,Unknown,Communication Services,0.0,0.0,N/A
CSX,3,"Harry Burn - Sound Shore, Kahn Brothers Group, Viking Global Investors",,29.43,22.68,47.99,0,0,Unknown,Industrials,0.0,0.0,N/A
ONON,3,"Bill & Melinda Gates Foundation Trust, Lee Ainslie - Maverick Capital, Polen Capital Management",,43.92,21.46,21.79,0,0,Unknown,Consumer Cyclical,0.0,0.0,N/A
TAP,3,"Dodge & Cox, John Rogers - Ariel Appreciation Fund, Prem Watsa - Fairfax Financial Holdings",,60.88,20.85,21.09,0,0,Unknown,Consumer Staples,0.0,0.0,N/A
LLYVK,3,"Lee Ainslie - Maverick Capital, ValueAct Capital, Warren Buffett - Berkshire Hathaway",,68.14,18.69,18.73,0,0,Unknown,Services,0.0,0.0,N/A
T,3,"Bill Miller - Miller Value Partners, Daniel Loeb - Third Point, Hillman Value Fund",,27.79,17.53,51.42,0,0,Unknown,Communication Services,0.0,0.0,N/A
PARA,3,"Christopher Bloomstran - Semper Augustus, David Katz - Matrix Asset Advisors, John Rogers - Ariel Appreciation Fund",,11.95,17.48,38.35,0,0,Unknown,Communication Services,0.0,0.0,N/A
GPK,3,"David Einhorn - Greenlight Capital, FPA Queens Road Small Cap Value Fund, Thomas Gayner - Markel Group",,25.96,16.99,16.99,0,0,Unknown,Consumer Goods,0.0,0.0,N/A
FWONK,3,"Chase Coleman - Tiger Global Management, Ruane Cunniff - Sequoia Fund, Warren Buffett - Berkshire Hathaway",,90.01,15.88,15.89,0,0,Unknown,Services,0.0,0.0,N/A
YUMC,3,"Francois Rochon - Giverny Capital, Polen Capital Management, Robert Vinall - RV Capital GmbH",,52.06,15.57,15.58,0,0,Unknown,Services,0.0,0.0,N/A
STLA,3,"Bill Miller - Miller Value Partners, Francis Chou - Chou Associates, Greenhaven Associates",,11.21,15.47,16.5,0,0,Unknown,Consumer Goods,0.0,0.0,N/A
NCLH,3,"John Rogers - Ariel Appreciation Fund, Lee Ainslie - Maverick Capital, Samantha McLemore - Patient Capital Management",,18.96,15.41,44.54,0,0,Unknown,Services,0.0,0.0,N/A
VFC,3,"Dodge & Cox, Glenn Welling - Engaged Capital, Meridian Contrarian Fund",,15.52,15.21,25.52,0,0,Unknown,Consumer Discretionary,0.0,0.0,N/A
PRMB,3,"Daniel Loeb - Third Point, Lee Ainslie - Maverick Capital, Viking Global Investors",,35.49,15.16,15.16,0,0,Unknown,Consumer Goods,0.0,0.0,N/A
AVTR,3,"Dodge & Cox, Harry Burn - Sound Shore, Robert Olstein - Olstein Capital Management",,16.21,15.02,17.09,0,0,Unknown,Materials,0.0,0.0,N/A
CPRI,3,"David Einhorn - Greenlight Capital, Lee Ainslie - Maverick Capital, Prem Watsa - Fairfax Financial Holdings",,19.73,14.92,14.95,0,0,Unknown,Services,0.0,0.0,N/A
CZR,3,"Carl Icahn - Icahn Capital Management, David Tepper - Appaloosa Management, Lee Ainslie - Maverick Capital",,25.0,14.9,15.37,0,0,Unknown,Services,0.0,0.0,N/A
EMN,3,"Alex Roepers - Atlantic Investment Management, Robert Olstein - Olstein Capital Management, Thomas Gayner - Markel Group",,88.11,14.86,14.86,0,0,Unknown,Materials,0.0,0.0,N/A
RPRX,3,"Samantha McLemore - Patient Capital Management, Torray Funds, Viking Global Investors",,31.13,14.44,26.02,0,0,Unknown,Health Care,0.0,0.0,N/A
APA,3,"Bill Nygren - Oakmark Select Fund, Charles Bobrinskoy - Ariel Focus Fund, Samantha McLemore - Patient Capital Management",,21.02,14.32,14.32,0,0,Unknown,Energy,0.0,0.0,N/A
GSK,3,"Dodge & Cox, Hillman Value Fund, Kahn Brothers Group",,38.45,14.25,35.12,0,0,Unknown,Health Care,0.0,0.0,N/A
LEVI,3,"FPA Queens Road Small Cap Value Fund, Jensen Investment Management, Thomas Russo - Gardner Russo & Quinn",,15.59,13.66,13.66,0,0,Unknown,Consumer Cyclical,0.0,0.0,N/A
DAL,3,"Richard Pzena - Hancock Classic Value, Robert Olstein - Olstein Capital Management, Samantha McLemore - Patient Capital Management",,43.6,13.56,13.56,0,0,Unknown,Services,0.0,0.0,N/A
HPQ,3,"David Einhorn - Greenlight Capital, Dodge & Cox, Lee Ainslie - Maverick Capital",,27.69,13.05,13.65,0,0,Unknown,Information Technology,0.0,0.0,N/A
TEVA,3,"David Einhorn - Greenlight Capital, Harry Burn - Sound Shore, Viking Global Investors",,15.37,12.12,14.23,0,0,Unknown,Health Care,0.0,0.0,N/A
WBD,3,"Bill Nygren - Oakmark Select Fund, Hillman Value Fund, Yacktman Asset Management",,11.03,12.11,35.04,0,0,Unknown,Consumer Discretionary,0.0,0.0,N/A
BAM,3,"FPA Queens Road Small Cap Value Fund, Third Avenue Management, Thomas Gayner - Markel Group",,48.45,11.93,11.93,0,0,Unknown,Financials,0.0,0.0,N/A
WMT,3,"Bill & Melinda Gates Foundation Trust, David Katz - Matrix Asset Advisors, Thomas Russo - Gardner Russo & Quinn",,87.79,11.3,11.48,0,0,Unknown,Consumer Staples,0.0,0.0,N/A
SGI,3,"David Abrams - Abrams Capital Management, Lee Ainslie - Maverick Capital, Seth Klarman - Baupost Group",,59.88,10.45,10.45,0,0,Unknown,Consumer Goods,0.0,0.0,N/A
SDRL,3,"Daniel Loeb - Third Point, David Einhorn - Greenlight Capital, Samantha McLemore - Patient Capital Management",,25.0,10.3,17.65,0,0,Unknown,Energy,0.0,0.0,N/A
BEKE,3,"Christopher Davis - Davis Advisors, David Tepper - Appaloosa Management, Howard Marks - Oaktree Capital Management",,20.09,9.73,9.96,0,0,Unknown,Real Estate,0.0,0.0,N/A
BBY,3,"Jensen Investment Management, Lee Ainslie - Maverick Capital, Mairs & Power Growth Fund",,73.61,9.67,9.67,0,0,Unknown,Consumer Discretionary,0.0,0.0,N/A
NVST,3,"John Rogers - Ariel Appreciation Fund, Meridian Contrarian Fund, Tweedy Browne Co. - Tweedy Browne Value Fund",,17.26,9.5,9.5,0,0,Unknown,Health Care,0.0,0.0,N/A
FNF,3,"First Eagle Investment Management, Glenn Greenberg - Brave Warrior Advisors, Third Avenue Management",,65.08,9.36,14.03,0,0,Unknown,Financials,0.0,0.0,N/A
BF.A,3,"Lindsell Train, Thomas Gayner - Markel Group, Thomas Russo - Gardner Russo & Quinn",,33.47,9.29,19.15,0,0,Unknown,Consumer Staples,0.0,0.0,N/A
NOV,3,"First Eagle Investment Management, Greenhaven Associates, Richard Pzena - Hancock Classic Value",,15.22,9.29,13.8,0,0,Unknown,Energy,0.0,0.0,N/A
KR,3,"Harry Burn - Sound Shore, Jensen Investment Management, Warren Buffett - Berkshire Hathaway",,67.69,9.21,9.34,0,0,Unknown,Consumer Staples,0.0,0.0,N/A
FAF,3,"Charles Bobrinskoy - Ariel Focus Fund, First Eagle Investment Management, John Rogers - Ariel Appreciation Fund",,65.63,9.01,10.73,0,0,Unknown,Financials,0.0,0.0,N/A
AGCO,3,"Christopher Davis - Davis Advisors, FPA Queens Road Small Cap Value Fund, Robert Olstein - Olstein Capital Management",,92.57,8.6,8.61,0,0,Unknown,Industrials,0.0,0.0,N/A
LVS,3,"David Tepper - Appaloosa Management, Leon Cooperman, Polen Capital Management",,38.63,8.58,8.59,0,0,Unknown,Services,0.0,0.0,N/A
MAT,3,"John Rogers - Ariel Appreciation Fund, Mason Hawkins - Longleaf Partners, Samantha McLemore - Patient Capital Management",,19.43,8.0,13.75,0,0,Unknown,Consumer Discretionary,0.0,0.0,N/A
CG,3,"Bill Miller - Miller Value Partners, John Rogers - Ariel Appreciation Fund, Thomas Gayner - Markel Group",,43.59,7.71,8.33,0,0,Unknown,Financials,0.0,0.0,N/A
YETI,3,"First Eagle Investment Management, Glenn Welling - Engaged Capital, Thomas Russo - Gardner Russo & Quinn",,33.1,7.62,7.64,0,0,Unknown,Consumer Cyclical,0.0,0.0,N/A
KVUE,3,"Daniel Loeb - Third Point, Lee Ainslie - Maverick Capital, Yacktman Asset Management",,23.98,7.6,11.18,0,0,Unknown,Consumer Staples,0.0,0.0,N/A
NEM,3,"Christopher Bloomstran - Semper Augustus, First Eagle Investment Management, Harry Burn - Sound Shore",,48.28,7.57,19.97,0,0,Unknown,Materials,0.0,0.0,N/A
GNTX,3,"Jensen Investment Management, John Rogers - Ariel Appreciation Fund, Prem Watsa - Fairfax Financial Holdings",,23.3,7.51,7.51,0,0,Unknown,Consumer Discretionary,0.0,0.0,N/A
NWSA,3,"Dodge & Cox, Lee Ainslie - Maverick Capital, Yacktman Asset Management",,27.22,6.69,7.95,0,0,Unknown,Consumer Discretionary,0.0,0.0,N/A
DEI,3,"Christopher Davis - Davis Advisors, First Eagle Investment Management, Steven Romick - FPA Crescent Fund",,16.0,6.5,6.5,0,0,Unknown,Real Estate,0.0,0.0,N/A
MRP,3,"Glenn Greenberg - Brave Warrior Advisors, Greenhaven Associates, Third Avenue Management",,26.51,6.49,6.49,0,0,Unknown,Real Estate,0.0,0.0,N/A
LUV,3,"Harry Burn - Sound Shore, Lee Ainslie - Maverick Capital, Robert Olstein - Olstein Capital Management",,33.58,6.43,12.67,0,0,Unknown,Industrials,0.0,0.0,N/A
OSK,3,"Alex Roepers - Atlantic Investment Management, FPA Queens Road Small Cap Value Fund, Greenhaven Associates",,94.08,6.05,15.51,0,0,Unknown,Industrials,0.0,0.0,N/A
BIDU,3,"David Tepper - Appaloosa Management, Howard Marks - Oaktree Capital Management, Tweedy Browne Co. - Tweedy Browne Value Fund",,69.32,5.65,8.48,0,0,Unknown,Technology,0.0,0.0,N/A
CNI,3,"AKO Capital, Bill & Melinda Gates Foundation Trust, Chris Hohn - TCI Fund Management",,97.44,4.98,5.03,0,0,Unknown,Services,0.0,0.0,N/A
LPX,3,"First Eagle Investment Management, Francis Chou - Chou Associates, Warren Buffett - Berkshire Hathaway",,91.94,4.49,4.53,0,0,Unknown,Materials,0.0,0.0,N/A
FND,3,"Francois Rochon - Giverny Capital, Lee Ainslie - Maverick Capital, Polen Capital Management",,80.47,4.03,6.04,0,0,Unknown,Consumer Cyclical,0.0,0.0,N/A
WRB,3,"Bruce Berkowitz - Fairholme Capital, Thomas Gayner - Markel Group, Torray Funds",,71.16,3.89,3.89,0,0,Unknown,Financials,0.0,0.0,N/A
TTC,3,"Jensen Investment Management, Mairs & Power Growth Fund, Meridian Contrarian Fund",,72.75,3.79,3.79,0,0,Unknown,Industrials,0.0,0.0,N/A
ORLY,3,"Chuck Akre - Akre Capital Management, David Rolfe - Wedgewood Partners, Torray Funds",,94.04,3.75,4.15,0,0,Unknown,Consumer Discretionary,0.0,0.0,N/A
CNH,3,"David Einhorn - Greenlight Capital, Mason Hawkins - Longleaf Partners, Tweedy Browne Co. - Tweedy Browne Value Fund",,12.28,3.72,3.75,0,0,Unknown,Industrial Goods,0.0,0.0,N/A
SHEL,3,"Christopher Bloomstran - Semper Augustus, First Eagle Investment Management, Richard Pzena - Hancock Classic Value",,73.28,3.56,3.56,0,0,Unknown,Materials,0.0,0.0,N/A
MO,3,"Thomas Russo - Gardner Russo & Quinn, Torray Funds, Yacktman Asset Management",,60.02,3.33,8.59,0,0,Unknown,Consumer Staples,0.0,0.0,N/A
LEA,3,"Francis Chou - Chou Associates, Greenhaven Associates, Richard Pzena - Hancock Classic Value",,88.22,3.23,3.24,0,0,Unknown,Consumer Discretionary,0.0,0.0,N/A
KOF,3,"Bill & Melinda Gates Foundation Trust, First Eagle Investment Management, Tweedy Browne Co. - Tweedy Browne Value Fund",,91.29,3.2,4.4,0,0,Unknown,Consumer Goods,0.0,0.0,N/A
SSNC,3,"Richard Pzena - Hancock Classic Value, Robert Olstein - Olstein Capital Management, William Von Mueffling - Cantillon Capital Management",,83.53,3.2,3.3,0,0,Unknown,Technology,0.0,0.0,N/A
VSH,3,"First Eagle Investment Management, FPA Queens Road Small Cap Value Fund, Robert Olstein - Olstein Capital Management",,15.9,3.14,3.14,0,0,Unknown,Information Technology,0.0,0.0,N/A
HKHHF,3,"Steven Romick - FPA Crescent Fund, Thomas Russo - Gardner Russo & Quinn, Tweedy Browne Co. - Tweedy Browne Value Fund",,72.3,2.72,3.56,0,0,Unknown,Consumer Goods,0.0,0.0,N/A
SOLV,3,"Christopher Davis - Davis Advisors, Nelson Peltz - Trian Fund Management, Seth Klarman - Baupost Group",,76.04,2.71,3.68,0,0,Unknown,Health Care,0.0,0.0,N/A
VTRS,3,"Bill Miller - Miller Value Partners, Christopher Davis - Davis Advisors, David Einhorn - Greenlight Capital",,8.71,2.34,3.8,0,0,Unknown,Health Care,0.0,0.0,N/A
GGG,3,"FPA Queens Road Small Cap Value Fund, Mairs & Power Growth Fund, Terry Smith - Fundsmith",,83.51,2.14,2.14,0,0,Unknown,Industrials,0.0,0.0,N/A
QSR,3,"Bill Ackman - Pershing Square Capital Management, Christopher Davis - Davis Advisors, Seth Klarman - Baupost Group",,66.64,1.13,1.28,0,0,Unknown,Services,0.0,0.0,N/A
MET,3,"Dodge & Cox, Richard Pzena - Hancock Classic Value, Viking Global Investors",,80.29,0.97,1.3,0,0,Unknown,Financials,0.0,0.0,N/A
SYY,3,"Robert Olstein - Olstein Capital Management, Thomas Gayner - Markel Group, Yacktman Asset Management",,75.04,0.95,1.21,0,0,Unknown,Consumer Staples,0.0,0.0,N/A
UBS,3,"Dodge & Cox, Richard Pzena - Hancock Classic Value, Samantha McLemore - Patient Capital Management",,30.63,0.92,1.37,0,0,Unknown,Financials,0.0,0.0,N/A
JEF,3,"Francis Chou - Chou Associates, Steven Romick - FPA Crescent Fund, Warren Buffett - Berkshire Hathaway",,53.58,0.62,0.65,0,0,Unknown,Financials,0.0,0.0,N/A
HRL,3,"Bill & Melinda Gates Foundation Trust, Mairs & Power Growth Fund, Thomas Russo - Gardner Russo & Quinn",,30.94,0.3,0.32,0,0,Unknown,Consumer Staples,0.0,0.0,N/A
TFC,3,"Christopher Davis - Davis Advisors, Thomas Russo - Gardner Russo & Quinn, Tweedy Browne Co. - Tweedy Browne Value Fund",,41.15,0.21,0.24,0,0,Unknown,Financials,0.0,0.0,N/A
ORIC,2,"Meridian Contrarian Fund, Viking Global Investors",,5.58,84.95,84.95,0,0,Unknown,Health Care,0.0,0.0,N/A
EYE,2,"First Eagle Investment Management, Lee Ainslie - Maverick Capital",,12.78,77.54,77.54,0,0,Unknown,Consumer Cyclical,0.0,0.0,N/A
GHM,2,"First Eagle Investment Management, Robert Olstein - Olstein Capital Management",,28.84,68.33,68.39,0,0,Unknown,Industrial Goods,0.0,0.0,N/A
HTZWW,2,"Daniel Loeb - Third Point, Francis Chou - Chou Associates",,2.26,59.75,69.5,0,0,Unknown,Unknown,0.0,0.0,N/A
RCKT,2,"Lee Ainslie - Maverick Capital, Torray Funds",,6.67,59.52,59.52,0,0,Unknown,Health Care,0.0,0.0,N/A
SG,2,"Lee Ainslie - Maverick Capital, Meridian Contrarian Fund",,25.02,48.72,48.72,0,0,Unknown,Consumer Discretionary,0.0,0.0,N/A
BWXT,2,"Meridian Contrarian Fund, Torray Funds",,98.65,45.2,45.2,0,0,Unknown,Industrial Goods,0.0,0.0,N/A
BBW,2,"Bill Miller - Miller Value Partners, Lee Ainslie - Maverick Capital",,37.17,40.49,40.52,0,0,Unknown,Services,0.0,0.0,N/A
FLEX,2,"Harry Burn - Sound Shore, Lee Ainslie - Maverick Capital",,33.08,40.27,40.27,0,0,Unknown,Technology,0.0,0.0,N/A
DCO,2,"First Eagle Investment Management, FPA Queens Road Small Cap Value Fund",,58.03,39.98,39.98,0,0,Unknown,Industrials,0.0,0.0,N/A
NVT,2,"John Rogers - Ariel Appreciation Fund, Mairs & Power Growth Fund",,52.42,35.44,35.44,0,0,Unknown,Technology,0.0,0.0,N/A
ON,2,"Jensen Investment Management, Robert Olstein - Olstein Capital Management",,40.69,33.26,33.28,0,0,Unknown,Technology,0.0,0.0,N/A
DELL,2,"Lee Ainslie - Maverick Capital, Steven Romick - FPA Crescent Fund",,91.15,31.38,31.39,0,0,Unknown,Technology,0.0,0.0,N/A
ACHC,2,"David Einhorn - Greenlight Capital, Lee Ainslie - Maverick Capital",,30.32,31.22,31.23,0,0,Unknown,Health Care,0.0,0.0,N/A
RYAAY,2,"Francis Chou - Chou Associates, Glenn Greenberg - Brave Warrior Advisors",,42.37,29.64,29.76,0,0,Unknown,Services,0.0,0.0,N/A
OGN,2,"Harry Burn - Sound Shore, Kahn Brothers Group",,14.89,29.63,59.09,0,0,Unknown,Health Care,0.0,0.0,N/A
CCL,2,"Lee Ainslie - Maverick Capital, Viking Global Investors",,19.53,29.19,29.19,0,0,Unknown,Consumer Discretionary,0.0,0.0,N/A
SAIL,2,"Lee Ainslie - Maverick Capital, Viking Global Investors",,18.75,27.47,27.47,0,0,Unknown,Technology,0.0,0.0,N/A
TCOM,2,"Christopher Davis - Davis Advisors, William Von Mueffling - Cantillon Capital Management",,63.58,27.23,29.78,0,0,Unknown,Consumer Cyclical,0.0,0.0,N/A
AU,2,"First Eagle Investment Management, Howard Marks - Oaktree Capital Management",,37.12,27.21,30.12,0,0,Unknown,Materials,0.0,0.0,N/A
LBTYK,2,"Lee Ainslie - Maverick Capital, Seth Klarman - Baupost Group",,11.97,26.48,37.5,0,0,Unknown,Services,0.0,0.0,N/A
KALU,2,"First Eagle Investment Management, Third Avenue Management",,60.62,26.26,26.26,0,0,Unknown,Materials,0.0,0.0,N/A
OI,2,"Lee Ainslie - Maverick Capital, Thomas Gayner - Markel Group",,11.47,25.6,25.65,0,0,Unknown,Consumer Goods,0.0,0.0,N/A
LXU,2,"First Eagle Investment Management, Third Avenue Management",,6.59,25.19,25.19,0,0,Unknown,Industrial Goods,0.0,0.0,N/A
CAKE,2,"First Eagle Investment Management, Lee Ainslie - Maverick Capital",,48.66,23.52,23.54,0,0,Unknown,Consumer Discretionary,0.0,0.0,N/A
BMRN,2,"Dodge & Cox, Viking Global Investors",,70.69,23.45,23.45,0,0,Unknown,Health Care,0.0,0.0,N/A
RKT,2,"Christopher Davis - Davis Advisors, ValueAct Capital",,12.07,23.45,23.45,0,0,Unknown,Financials,0.0,0.0,N/A
CLB,2,"Charles Bobrinskoy - Ariel Focus Fund, John Rogers - Ariel Appreciation Fund",,14.99,22.35,22.35,0,0,Unknown,Materials,0.0,0.0,N/A
VAL,2,"Mohnish Pabrai - Pabrai Investments, Third Avenue Management",,39.26,22.11,33.57,0,0,Unknown,Energy,0.0,0.0,N/A
STKL,2,"Howard Marks - Oaktree Capital Management, Leon Cooperman",,4.86,21.92,22.02,0,0,Unknown,Consumer Goods,0.0,0.0,N/A
WFRD,2,"Alex Roepers - Atlantic Investment Management, David Einhorn - Greenlight Capital",,53.55,21.44,30.75,0,0,Unknown,Energy,0.0,0.0,N/A
PEG,2,"Harry Burn - Sound Shore, Kahn Brothers Group",,82.3,21.29,41.34,0,0,Unknown,Utilities,0.0,0.0,N/A
SYF,2,"Christopher Bloomstran - Semper Augustus, Francis Chou - Chou Associates",,52.94,21.21,21.23,0,0,Unknown,Financials,0.0,0.0,N/A
CNM,2,"Meridian Contrarian Fund, Polen Capital Management",,48.31,20.76,20.76,0,0,Unknown,Industrials,0.0,0.0,N/A
JCI,2,"Christopher Davis - Davis Advisors, Dodge & Cox",,80.11,20.27,28.97,0,0,Unknown,Consumer Discretionary,0.0,0.0,N/A
TME,2,"Polen Capital Management, William Von Mueffling - Cantillon Capital Management",,14.41,20.08,28.24,0,0,Unknown,Communication Services,0.0,0.0,N/A
CPB,2,"Hillman Value Fund, Jensen Investment Management",,40.06,19.95,20.09,0,0,Unknown,Consumer Staples,0.0,0.0,N/A
TEX,2,"Alex Roepers - Atlantic Investment Management, Greenhaven Associates",,37.78,18.66,18.66,0,0,Unknown,Industrials,0.0,0.0,N/A
VYX,2,"Glenn Welling - Engaged Capital, Steven Romick - FPA Crescent Fund",,9.75,18.56,18.56,0,0,Unknown,Technology,0.0,0.0,N/A
LLYVA,2,"ValueAct Capital, Warren Buffett - Berkshire Hathaway",,67.24,18.36,18.37,0,0,Unknown,Services,0.0,0.0,N/A
LYB,2,"Bill Miller - Miller Value Partners, Dodge & Cox",,70.39,18.22,18.54,0,0,Unknown,Materials,0.0,0.0,N/A
AGO,2,"Francis Chou - Chou Associates, Kahn Brothers Group",,88.1,18.05,35.0,0,0,Unknown,Financials,0.0,0.0,N/A
INCY,2,"Dodge & Cox, Harry Burn - Sound Shore",,60.55,17.78,24.46,0,0,Unknown,Health Care,0.0,0.0,N/A
XYZ,2,"Chase Coleman - Tiger Global Management, David Tepper - Appaloosa Management",,54.33,17.65,18.19,0,0,Unknown,Technology,0.0,0.0,N/A
NUVB,2,"David Abrams - Abrams Capital Management, David Einhorn - Greenlight Capital",,1.76,17.57,20.45,0,0,Unknown,Health Care,0.0,0.0,N/A
G,2,"Greenhaven Associates, Jensen Investment Management",,50.38,17.35,17.35,0,0,Unknown,Industrials,0.0,0.0,N/A
NE,2,"First Eagle Investment Management, Mohnish Pabrai - Pabrai Investments",,23.7,17.13,17.13,0,0,Unknown,Energy,0.0,0.0,N/A
BKE,2,"Bill Miller - Miller Value Partners, Lee Ainslie - Maverick Capital",,38.32,15.84,15.87,0,0,Unknown,Services,0.0,0.0,N/A
PENG,2,"First Eagle Investment Management, Meridian Contrarian Fund",,17.37,15.77,15.77,0,0,Unknown,Technology,0.0,0.0,N/A
DBRG,2,"Chuck Akre - Akre Capital Management, Meridian Contrarian Fund",,8.82,15.76,15.87,0,0,Unknown,Financials,0.0,0.0,N/A
DT,2,"Polen Capital Management, Torray Funds",,47.16,15.75,15.75,0,0,Unknown,Technology,0.0,0.0,N/A
ASH,2,"Alex Roepers - Atlantic Investment Management, Leon Cooperman",,59.29,15.65,15.65,0,0,Unknown,Materials,0.0,0.0,N/A
BATRK,2,"Third Avenue Management, Warren Buffett - Berkshire Hathaway",,39.99,15.64,16.22,0,0,Unknown,Services,0.0,0.0,N/A
BB,2,"Meridian Contrarian Fund, Prem Watsa - Fairfax Financial Holdings",,3.76,15.54,16.18,0,0,Unknown,Technology,0.0,0.0,N/A
AX,2,"First Eagle Investment Management, FPA Queens Road Small Cap Value Fund",,64.52,15.53,15.53,0,0,Unknown,Financials,0.0,0.0,N/A
NTRS,2,"John Rogers - Ariel Appreciation Fund, Yacktman Asset Management",,98.65,15.13,22.98,0,0,Unknown,Financials,0.0,0.0,N/A
ALC,2,"AKO Capital, William Von Mueffling - Cantillon Capital Management",,94.56,15.11,21.09,0,0,Unknown,Health Care,0.0,0.0,N/A
FOXA,2,"Dodge & Cox, Yacktman Asset Management",,56.6,14.98,29.02,0,0,Unknown,Services,0.0,0.0,N/A
GCI,2,"Bill Miller - Miller Value Partners, Leon Cooperman",,2.89,14.54,14.88,0,0,Unknown,Consumer Discretionary,0.0,0.0,N/A
FUN,2,"Lee Ainslie - Maverick Capital, Meridian Contrarian Fund",,35.67,14.47,14.47,0,0,Unknown,Services,0.0,0.0,N/A
PRGO,2,"Harry Burn - Sound Shore, Meridian Contrarian Fund",,28.04,14.39,23.1,0,0,Unknown,Health Care,0.0,0.0,N/A
ROIV,2,"David Einhorn - Greenlight Capital, Viking Global Investors",,10.09,14.27,14.57,0,0,Unknown,Health Care,0.0,0.0,N/A
BWA,2,"Charles Bobrinskoy - Ariel Focus Fund, John Rogers - Ariel Appreciation Fund",,28.64,14.26,14.28,0,0,Unknown,Consumer Discretionary,0.0,0.0,N/A
DIN,2,"Lee Ainslie - Maverick Capital, Robert Olstein - Olstein Capital Management",,23.27,14.18,14.18,0,0,Unknown,Services,0.0,0.0,N/A
REZI,2,"Charles Bobrinskoy - Ariel Focus Fund, John Rogers - Ariel Appreciation Fund",,17.7,14.12,23.11,0,0,Unknown,Industrials,0.0,0.0,N/A
CARR,2,"Dodge & Cox, Thomas Gayner - Markel Group",,63.4,14.04,14.04,0,0,Unknown,Industrials,0.0,0.0,N/A
BROS,2,"Lee Ainslie - Maverick Capital, Polen Capital Management",,61.74,13.7,13.7,0,0,Unknown,Consumer Cyclical,0.0,0.0,N/A
WSR,2,"First Eagle Investment Management, Third Avenue Management",,14.58,13.69,13.72,0,0,Unknown,Real Estate,0.0,0.0,N/A
GPN,2,"Richard Pzena - Hancock Classic Value, Wallace Weitz - Weitz Large Cap Equity Fund",,97.92,13.53,21.18,0,0,Unknown,Information Technology,0.0,0.0,N/A
OMC,2,"Jensen Investment Management, Robert Olstein - Olstein Capital Management",,82.91,13.53,13.53,0,0,Unknown,Consumer Discretionary,0.0,0.0,N/A
SHOP,2,"Polen Capital Management, Thomas Gayner - Markel Group",,95.48,13.5,16.41,0,0,Unknown,Technology,0.0,0.0,N/A
GLW,2,"David Tepper - Appaloosa Management, Robert Olstein - Olstein Capital Management",,45.78,13.48,13.81,0,0,Unknown,Information Technology,0.0,0.0,N/A
PBF,2,"First Eagle Investment Management, Third Avenue Management",,19.09,13.41,13.41,0,0,Unknown,Materials,0.0,0.0,N/A
SWK,2,"John Rogers - Ariel Appreciation Fund, Robert Olstein - Olstein Capital Management",,76.88,13.41,13.41,0,0,Unknown,Consumer Discretionary,0.0,0.0,N/A
DINO,2,"Christopher Bloomstran - Semper Augustus, Mason Hawkins - Longleaf Partners",,32.88,12.45,22.72,0,0,Unknown,Materials,0.0,0.0,N/A
PCG,2,"Daniel Loeb - Third Point, Steven Romick - FPA Crescent Fund",,17.18,12.43,19.5,0,0,Unknown,Utilities,0.0,0.0,N/A
MTG,2,"First Eagle Investment Management, FPA Queens Road Small Cap Value Fund",,24.78,11.86,11.86,0,0,Unknown,Financials,0.0,0.0,N/A
CNC,2,"Bill Nygren - Oakmark Select Fund, David Einhorn - Greenlight Capital",,60.71,11.85,12.04,0,0,Unknown,Health Care,0.0,0.0,N/A
KGC,2,"Christopher Bloomstran - Semper Augustus, First Eagle Investment Management",,12.61,11.8,21.41,0,0,Unknown,Materials,0.0,0.0,N/A
APTV,2,"Alex Roepers - Atlantic Investment Management, Robert Olstein - Olstein Capital Management",,59.5,11.76,11.78,0,0,Unknown,Consumer Goods,0.0,0.0,N/A
GT,2,"First Eagle Investment Management, Lee Ainslie - Maverick Capital",,9.24,11.69,11.69,0,0,Unknown,Consumer Discretionary,0.0,0.0,N/A
OLN,2,"Christopher Bloomstran - Semper Augustus, Yacktman Asset Management",,24.24,11.56,19.98,0,0,Unknown,Materials,0.0,0.0,N/A
UAL,2,"Lee Ainslie - Maverick Capital, Samantha McLemore - Patient Capital Management",,69.05,11.48,15.43,0,0,Unknown,Services,0.0,0.0,N/A
ERFSF,2,"Ruane Cunniff - Sequoia Fund, Steven Romick - FPA Crescent Fund",,53.25,11.08,11.2,0,0,Unknown,Health Care,0.0,0.0,N/A
ORLA,2,"First Eagle Investment Management, Prem Watsa - Fairfax Financial Holdings",,9.28,11.01,11.85,0,0,Unknown,Materials,0.0,0.0,N/A
NAMS,2,"Lee Ainslie - Maverick Capital, Viking Global Investors",,20.47,10.99,10.99,0,0,Unknown,Health Care,0.0,0.0,N/A
MX,2,"Howard Marks - Oaktree Capital Management, Prem Watsa - Fairfax Financial Holdings",,3.43,10.79,10.79,0,0,Unknown,Technology,0.0,0.0,N/A
AXTA,2,"John Rogers - Ariel Appreciation Fund, Lee Ainslie - Maverick Capital",,33.17,10.77,10.79,0,0,Unknown,Materials,0.0,0.0,N/A
BKD,2,"First Eagle Investment Management, Lee Ainslie - Maverick Capital",,6.26,10.54,10.54,0,0,Unknown,Health Care,0.0,0.0,N/A
SKX,2,"Christopher Davis - Davis Advisors, Viking Global Investors",,56.78,10.36,10.41,0,0,Unknown,Consumer Discretionary,0.0,0.0,N/A
PCOR,2,"Chase Coleman - Tiger Global Management, Dennis Hong - ShawSpring Partners",,66.02,10.3,20.06,0,0,Unknown,Technology,0.0,0.0,N/A
LYG,2,"First Eagle Investment Management, Lee Ainslie - Maverick Capital",,3.82,10.21,10.21,0,0,Unknown,Financials,0.0,0.0,N/A
UAA,2,"Lee Ainslie - Maverick Capital, Prem Watsa - Fairfax Financial Holdings",,6.24,10.09,10.1,0,0,Unknown,Consumer Goods,0.0,0.0,N/A
UGI,2,"Bill Miller - Miller Value Partners, FPA Queens Road Small Cap Value Fund",,33.07,10.04,10.07,0,0,Unknown,Utilities,0.0,0.0,N/A
MGA,2,"Francis Chou - Chou Associates, Richard Pzena - Hancock Classic Value",,33.99,9.98,10.0,0,0,Unknown,Consumer Goods,0.0,0.0,N/A
HHH,2,"Bill Ackman - Pershing Square Capital Management, John Armitage - Egerton Capital",,74.08,9.88,9.89,0,0,Unknown,Financials,0.0,0.0,N/A
TTAN,2,"Chase Coleman - Tiger Global Management, Lee Ainslie - Maverick Capital",,95.11,9.32,9.32,0,0,Unknown,Technology,0.0,0.0,N/A
ALIT,2,"David Einhorn - Greenlight Capital, Lee Ainslie - Maverick Capital",,5.93,9.27,9.27,0,0,Unknown,Technology,0.0,0.0,N/A
GRBK,2,"David Einhorn - Greenlight Capital, Third Avenue Management",,58.31,9.21,9.26,0,0,Unknown,Financials,0.0,0.0,N/A
SEIC,2,"Kahn Brothers Group, Thomas Gayner - Markel Group",,77.63,9.16,9.17,0,0,Unknown,Financials,0.0,0.0,N/A
LBRDA,2,"Ruane Cunniff - Sequoia Fund, Seth Klarman - Baupost Group",,85.0,8.78,8.87,0,0,Unknown,Technology,0.0,0.0,N/A
GLNG,2,"First Eagle Investment Management, Lee Ainslie - Maverick Capital",,38.0,8.68,8.71,0,0,Unknown,Services,0.0,0.0,N/A
FCX,2,"Howard Marks - Oaktree Capital Management, Lee Ainslie - Maverick Capital",,37.86,8.36,8.58,0,0,Unknown,Materials,0.0,0.0,N/A
RLI,2,"FPA Queens Road Small Cap Value Fund, Thomas Gayner - Markel Group",,80.33,8.3,8.3,0,0,Unknown,Financials,0.0,0.0,N/A
STC,2,"First Eagle Investment Management, Third Avenue Management",,71.41,8.15,8.2,0,0,Unknown,Financials,0.0,0.0,N/A
NATL,2,"Glenn Welling - Engaged Capital, Steven Romick - FPA Crescent Fund",,26.38,8.07,8.07,0,0,Unknown,Technology,0.0,0.0,N/A
MNST,2,"Lee Ainslie - Maverick Capital, Viking Global Investors",,58.52,8.03,8.03,0,0,Unknown,Consumer Goods,0.0,0.0,N/A
VALE,2,"Christopher Davis - Davis Advisors, Howard Marks - Oaktree Capital Management",,9.98,8.02,8.02,0,0,Unknown,Materials,0.0,0.0,N/A
ESTC,2,"Chase Coleman - Tiger Global Management, Lee Ainslie - Maverick Capital",,89.1,7.86,7.86,0,0,Unknown,Technology,0.0,0.0,N/A
FTI,2,"Bill Miller - Miller Value Partners, Lee Ainslie - Maverick Capital",,31.64,7.8,7.9,0,0,Unknown,Energy,0.0,0.0,N/A
AVT,2,"First Eagle Investment Management, Greenhaven Associates",,48.09,7.71,7.71,0,0,Unknown,Information Technology,0.0,0.0,N/A
BP,2,"Kahn Brothers Group, Thomas Russo - Gardner Russo & Quinn",,33.79,7.59,11.65,0,0,Unknown,Materials,0.0,0.0,N/A
HTHT,2,"Howard Marks - Oaktree Capital Management, Robert Vinall - RV Capital GmbH",,37.01,7.56,7.57,0,0,Unknown,Consumer Cyclical,0.0,0.0,N/A
CMG,2,"Bill Ackman - Pershing Square Capital Management, Viking Global Investors",,50.21,7.49,7.87,0,0,Unknown,Services,0.0,0.0,N/A
EFA,2,"David Katz - Matrix Asset Advisors, Leon Cooperman",,81.74,7.38,7.39,0,0,Unknown,,0.0,0.0,N/A
SNY,2,"Dodge & Cox, First Eagle Investment Management",,55.46,7.3,12.28,0,0,Unknown,Health Care,0.0,0.0,N/A
RYAN,2,"Torray Funds, Viking Global Investors",,73.87,7.05,7.05,0,0,Unknown,Financials,0.0,0.0,N/A
PGNY,2,"Polen Capital Management, Robert Olstein - Olstein Capital Management",,22.33,7.01,7.03,0,0,Unknown,Health Care,0.0,0.0,N/A
LNC,2,"Bill Miller - Miller Value Partners, First Eagle Investment Management",,35.91,6.86,8.55,0,0,Unknown,Financials,0.0,0.0,N/A
SWTX,2,"Lee Ainslie - Maverick Capital, Meridian Contrarian Fund",,44.13,6.41,6.41,0,0,Unknown,Health Care,0.0,0.0,N/A
HLN,2,"First Eagle Investment Management, Kahn Brothers Group",,10.29,5.97,9.22,0,0,Unknown,Health Care,0.0,0.0,N/A
UL,2,"First Eagle Investment Management, Yacktman Asset Management",,59.55,5.76,5.76,0,0,Unknown,Consumer Goods,0.0,0.0,N/A
ROL,2,"Terry Smith - Fundsmith, Thomas Gayner - Markel Group",,54.03,5.72,5.72,0,0,Unknown,Industrials,0.0,0.0,N/A
BXP,2,"Christopher Davis - Davis Advisors, First Eagle Investment Management",,67.19,5.7,5.7,0,0,Unknown,Financials,0.0,0.0,N/A
FOX,2,"Dodge & Cox, Yacktman Asset Management",,52.71,5.65,8.8,0,0,Unknown,Services,0.0,0.0,N/A
TTE,2,"Bill Miller - Miller Value Partners, Tweedy Browne Co. - Tweedy Browne Value Fund",,64.39,5.42,5.55,0,0,Unknown,Energy,0.0,0.0,N/A
CRC,2,"Howard Marks - Oaktree Capital Management, Meridian Contrarian Fund",,43.97,5.39,5.39,0,0,Unknown,Materials,0.0,0.0,N/A
CTO,2,"Bill Miller - Miller Value Partners, Third Avenue Management",,19.31,5.15,5.18,0,0,Unknown,Financials,0.0,0.0,N/A
HCC,2,"Mohnish Pabrai - Pabrai Investments, Third Avenue Management",,47.72,4.98,5.57,0,0,Unknown,Financials,0.0,0.0,N/A
GAP,2,"Dodge & Cox, Lee Ainslie - Maverick Capital",,20.61,4.75,4.75,0,0,Unknown,Consumer Discretionary,0.0,0.0,N/A
TRU,2,"Thomas Gayner - Markel Group, Viking Global Investors",,82.99,4.74,4.74,0,0,Unknown,Services,0.0,0.0,N/A
FAST,2,"Mairs & Power Growth Fund, William Von Mueffling - Cantillon Capital Management",,38.78,4.73,6.47,0,0,Unknown,Industrials,0.0,0.0,N/A
SWX,2,"Carl Icahn - Icahn Capital Management, Lee Ainslie - Maverick Capital",,71.8,4.65,4.65,0,0,Unknown,Utilities,0.0,0.0,N/A
WY,2,"First Eagle Investment Management, Third Avenue Management",,29.28,4.47,8.67,0,0,Unknown,Materials,0.0,0.0,N/A
MPLX,2,"David Tepper - Appaloosa Management, Glenn Greenberg - Brave Warrior Advisors",,53.52,4.46,4.47,0,0,Unknown,Energy,0.0,0.0,N/A
BHC,2,"Carl Icahn - Icahn Capital Management, Howard Marks - Oaktree Capital Management",,6.47,4.33,5.72,0,0,Unknown,Health Care,0.0,0.0,N/A
IMO,2,"First Eagle Investment Management, Francis Chou - Chou Associates",,72.25,4.31,8.03,0,0,Unknown,Materials,0.0,0.0,N/A
FTNT,2,"Lee Ainslie - Maverick Capital, Terry Smith - Fundsmith",,96.26,4.02,7.94,0,0,Unknown,Technology,0.0,0.0,N/A
TNC,2,"Mairs & Power Growth Fund, Robert Olstein - Olstein Capital Management",,79.75,4.02,4.03,0,0,Unknown,Industrial Goods,0.0,0.0,N/A
WSC,2,"Leon Cooperman, Polen Capital Management",,27.8,3.85,3.85,0,0,Unknown,Industrials,0.0,0.0,N/A
CE,2,"Dodge & Cox, Thomas Gayner - Markel Group",,56.77,3.8,3.8,0,0,Unknown,Materials,0.0,0.0,N/A
ORI,2,"First Eagle Investment Management, Third Avenue Management",,39.22,3.47,3.47,0,0,Unknown,Financials,0.0,0.0,N/A
AR,2,"Kahn Brothers Group, Lee Ainslie - Maverick Capital",,40.43,3.31,3.31,0,0,Unknown,Materials,0.0,0.0,N/A
PB,2,"Robert Olstein - Olstein Capital Management, Third Avenue Management",,71.37,3.18,3.18,0,0,Unknown,Financials,0.0,0.0,N/A
DCI,2,"Jensen Investment Management, Mairs & Power Growth Fund",,67.06,3.09,3.09,0,0,Unknown,Industrials,0.0,0.0,N/A
TECK,2,"Christopher Davis - Davis Advisors, David Einhorn - Greenlight Capital",,36.43,2.92,4.89,0,0,Unknown,Materials,0.0,0.0,N/A
EW,2,"David Rolfe - Wedgewood Partners, Torray Funds",,76.69,2.88,3.86,0,0,Unknown,Health Care,0.0,0.0,N/A
AMH,2,"Christopher Davis - Davis Advisors, Third Avenue Management",,37.81,2.62,2.62,0,0,Unknown,Financials,0.0,0.0,N/A
FITB,2,"Christopher Davis - Davis Advisors, Robert Olstein - Olstein Capital Management",,39.2,2.47,2.47,0,0,Unknown,Financials,0.0,0.0,N/A
KMI,2,"Harry Burn - Sound Shore, Steven Romick - FPA Crescent Fund",,28.53,2.44,2.73,0,0,Unknown,Energy,0.0,0.0,N/A
SIRI,2,"Francis Chou - Chou Associates, Warren Buffett - Berkshire Hathaway",,22.54,2.44,2.8,0,0,Unknown,Services,0.0,0.0,N/A
AM,2,"Glenn Greenberg - Brave Warrior Advisors, Kahn Brothers Group",,18.0,2.16,2.22,0,0,Unknown,Energy,0.0,0.0,N/A
EQR,2,"Christopher Davis - Davis Advisors, First Eagle Investment Management",,71.58,2.05,3.51,0,0,Unknown,Financials,0.0,0.0,N/A
YOU,2,"Christopher Davis - Davis Advisors, Samantha McLemore - Patient Capital Management",,25.91,1.78,1.78,0,0,Unknown,Technology,0.0,0.0,N/A
OUT,2,"First Eagle Investment Management, Thomas Russo - Gardner Russo & Quinn",,16.14,1.7,1.73,0,0,Unknown,Services,0.0,0.0,N/A
BHF,2,"David Einhorn - Greenlight Capital, Lee Ainslie - Maverick Capital",,57.99,1.66,1.78,0,0,Unknown,Financials,0.0,0.0,N/A
SATS,2,"Dodge & Cox, Steven Romick - FPA Crescent Fund",,25.58,1.6,1.6,0,0,Unknown,Technology,0.0,0.0,N/A
FMX,2,"First Eagle Investment Management, Thomas Russo - Gardner Russo & Quinn",,97.58,1.58,3.06,0,0,Unknown,Consumer Goods,0.0,0.0,N/A
AGI,2,"First Eagle Investment Management, Lee Ainslie - Maverick Capital",,26.72,1.52,1.53,0,0,Unknown,Materials,0.0,0.0,N/A
CLVT,2,"Lee Ainslie - Maverick Capital, Seth Klarman - Baupost Group",,3.93,1.52,1.78,0,0,Unknown,Unknown,0.0,0.0,N/A
GRAB,2,"Chase Coleman - Tiger Global Management, Howard Marks - Oaktree Capital Management",,4.53,1.44,2.21,0,0,Unknown,Financials,0.0,0.0,N/A
PTON,2,"David Einhorn - Greenlight Capital, Samantha McLemore - Patient Capital Management",,6.32,1.42,2.06,0,0,Unknown,Consumer Cyclical,0.0,0.0,N/A
TSCO,2,"David Rolfe - Wedgewood Partners, Jensen Investment Management",,51.42,1.3,2.5,0,0,Unknown,Consumer Discretionary,0.0,0.0,N/A
IVZ,2,"Nelson Peltz - Trian Fund Management, Robert Olstein - Olstein Capital Management",,15.17,1.25,1.25,0,0,Unknown,Financials,0.0,0.0,N/A
RHHBY,2,"Dodge & Cox, Mairs & Power Growth Fund",,41.15,1.24,1.24,0,0,Unknown,Health Care,0.0,0.0,N/A
OZK,2,"Bruce Berkowitz - Fairholme Capital, Francois Rochon - Giverny Capital",,43.45,1.04,1.83,0,0,Unknown,Financials,0.0,0.0,N/A
SD,2,"Carl Icahn - Icahn Capital Management, Third Avenue Management",,11.42,0.88,0.88,0,0,Unknown,Materials,0.0,0.0,N/A
VICI,2,"Christopher Davis - Davis Advisors, Meridian Contrarian Fund",,32.62,0.58,0.58,0,0,Unknown,Financials,0.0,0.0,N/A
EQC-OLD,2,"FPA Queens Road Small Cap Value Fund, Third Avenue Management",,1.61,0.31,0.62,0,0,Unknown,Financials,0.0,0.0,N/A
LWAY,2,"Kahn Brothers Group, Prem Watsa - Fairfax Financial Holdings",,24.42,0.27,0.29,0,0,Unknown,Consumer Goods,0.0,0.0,N/A
BIL,2,"First Eagle Investment Management, Polen Capital Management",,91.72,0.08,0.1,0,0,Unknown,Unknown,0.0,0.0,N/A
003550.KS,2,"Steven Romick - FPA Crescent Fund, Tweedy Browne Co. - Tweedy Browne Value Fund",,44.1,0.0,0.0,0,0,Unknown,Technology,0.0,0.0,N/A
SVV,1,Tom Bancroft - Makaira Partners,,6.9,52.46,52.46,0,0,Unknown,Consumer Cyclical,0.0,0.0,N/A
SHYF,1,Robert Olstein - Olstein Capital Management,,8.09,47.59,47.59,0,0,Unknown,Industrials,0.0,0.0,N/A
CTLP,1,David Abrams - Abrams Capital Management,,7.87,39.77,39.77,0,0,Unknown,Technology,0.0,0.0,N/A
HP,1,Prem Watsa - Fairfax Financial Holdings,,26.11,37.38,37.38,0,0,Unknown,Energy,0.0,0.0,N/A
DCGO,1,David Katz - Matrix Asset Advisors,,2.64,35.98,35.98,0,0,Unknown,Health Care,0.0,0.0,N/A
JELD,1,Bill Miller - Miller Value Partners,,5.97,34.51,34.51,0,0,Unknown,Industrials,0.0,0.0,N/A
MOS,1,Charles Bobrinskoy - Ariel Focus Fund,,27.0,32.78,32.78,0,0,Unknown,Materials,0.0,0.0,N/A
X-OLD,1,Daniel Loeb - Third Point,,42.26,30.03,30.03,0,0,Unknown,Materials,0.0,0.0,N/A
COHR,1,Dodge & Cox,,64.94,26.66,26.66,0,0,Unknown,Technology,0.0,0.0,N/A
EMBC,1,Yacktman Asset Management,,12.75,22.98,22.98,0,0,Unknown,Health Care,0.0,0.0,N/A
ZIMV,1,Charles Bobrinskoy - Ariel Focus Fund,,10.8,20.19,20.19,0,0,Unknown,Health Care,0.0,0.0,N/A
TAC,1,Howard Marks - Oaktree Capital Management,,9.33,17.9,17.9,0,0,Unknown,Utilities,0.0,0.0,N/A
ARMK,1,John Armitage - Egerton Capital,,34.52,17.12,17.12,0,0,Unknown,Services,0.0,0.0,N/A
ZUMZ,1,Lee Ainslie - Maverick Capital,,14.89,14.44,14.44,0,0,Unknown,Services,0.0,0.0,N/A
KOS,1,Samantha McLemore - Patient Capital Management,,2.28,13.6,13.6,0,0,Unknown,Materials,0.0,0.0,N/A
FOSL,1,Bill Miller - Miller Value Partners,,1.15,13.04,13.04,0,0,Unknown,Consumer Discretionary,0.0,0.0,N/A
PINS,1,Daniel Loeb - Third Point,,31.0,11.74,11.74,0,0,Unknown,Technology,0.0,0.0,N/A
DENN,1,Robert Olstein - Olstein Capital Management,,3.67,11.72,11.72,0,0,Unknown,Services,0.0,0.0,N/A
TRMB,1,Meridian Contrarian Fund,,65.65,10.75,10.75,0,0,Unknown,Information Technology,0.0,0.0,N/A
OVV,1,Christopher Bloomstran - Semper Augustus,,42.82,10.67,10.67,0,0,Unknown,Materials,0.0,0.0,N/A
PTLO,1,Glenn Welling - Engaged Capital,,11.89,10.39,10.39,0,0,Unknown,Consumer Cyclical,0.0,0.0,N/A
SN,1,Daniel Loeb - Third Point,,83.41,10.3,10.3,0,0,Unknown,Consumer Cyclical,0.0,0.0,N/A
BCC,1,Bill Miller - Miller Value Partners,,98.1,9.27,9.27,0,0,Unknown,Industrial Goods,0.0,0.0,N/A
TRNO,1,Christopher Davis - Davis Advisors,,63.22,7.96,7.96,0,0,Unknown,Real Estate,0.0,0.0,N/A
SMHI,1,Christopher Bloomstran - Semper Augustus,,5.06,3.95,3.95,0,0,Unknown,Energy,0.0,0.0,N/A
KLIC,1,Robert Olstein - Olstein Capital Management,,32.98,2.46,2.46,0,0,Unknown,Information Technology,0.0,0.0,N/A
MNRO,1,Lee Ainslie - Maverick Capital,,14.47,1.87,1.87,0,0,Unknown,Consumer Goods,0.0,0.0,N/A
KNX,1,Meridian Contrarian Fund,,43.49,1.26,1.26,0,0,Unknown,Industrials,0.0,0.0,N/A
WMB,1,Dodge & Cox,,59.76,0.84,0.84,0,0,Unknown,Energy,0.0,0.0,N/A
WBS,1,Kahn Brothers Group,,51.56,0.74,0.74,0,0,Unknown,Financials,0.0,0.0,N/A
D,1,Dodge & Cox,,56.07,0.45,0.45,0,0,Unknown,Utilities,0.0,0.0,N/A
ST,1,Robert Olstein - Olstein Capital Management,,24.27,0.43,0.43,0,0,Unknown,Consumer Goods,0.0,0.0,N/A
